{
  "mappedPoints": [
    {
      "easting": 331272.722,
      "northing": 5122168.45
    },
    {
      "easting": 335656.693,
      "northing": 5123713.82
    },
    {
      "easting": 352816.042,
      "northing": 5129292.604
    },
    {
      "easting": 354341.275,
      "northing": 5129788.471
    }
  ],
  "flipSum": [
    "24.237249 km",
    "19.600000 km",
    "1.600000 km"
  ],
  "distance": "24.237249 km",
  "legsSum": [
    "4.637249 km",
    "22.637249 km",
    "24.237249 km"
  ],
  "legs": [
    "4.637249 km",
    "18.000000 km",
    "1.600000 km"
  ],
  "mappedZones": [
    {
      "lngZone": 33,
      "latZone": "T"
    }
  ]
}
